id,nombre,estado,urgente,clase,desde,sexo,edad,nacimiento,raza,tamano,localidad,salud,descripcion,dominio
537,LUNA,En adopción,SI,Gato,14-8-2017,Hembra, 10 meses y 26 días,5/2017,Común europeo,Pequeño,Arganda del Rey (Madrid)," Desparasitada, Vacunada, test inmunodeficiencia y leucemia negativo, con chip. Se entregará con compromiso de esterilización. "," Estas gatitas han sido recogidas de la calle. Se llaman Samba, la atigrada y Luna la negrita. Nacieron a mediados de mayo.Son cariñosas y juguetonas. Necesitan un hogar donde se sientan queridas y protegidas.",http://vydanimal.org/
544,RICHARD,En adopción,SI,Gato,17-8-2017,Macho,5 años y 8 meses,7/2012,Común europeo,Mediano,Arganda del Rey (Madrid)," Desparasitado. Esterilizado, con chip, Negativo a leucemia, positivo a inmunodeficiencia. Se entregará vacunado. "," Este peluchito se llama RICHARD y es amor y mimos en su máxima expresión. Tiene 5 añitos y fue abandonado. Una compañera lo alimentaba en la calle pero se fue poniendo muy enfermito con calvas, heridas y una gran pérdida de peso. Fue llevado al veterinario y ahora con mimos y cuidados está asi de guapo en su casa de acogida. ",http://vydanimal.org/
539,GOST,En adopción,SI,Perro,29-8-2017,Macho,2 años y 10 meses,6/2015,MASTIN,Grande,Madrid (Madrid)," Desparasitado, Vacunación completa al día, Chipado y con cartilla veterinaria, Castrado. Se entrega con contrato de adopción. "," Gost es un perro que recataron de Granada por maltrato y amenaza con pistola de ""sacrificio"" Lo trajeron a Madrid pensando que aquí íbamos a tener más posibilidades de adopción. ",http://vydanimal.org/
541,FELI,En adopción,SI,Gato,1-11-2017,Hembra, 9 meses y 22 días,6/2017,EUROPEO,Pequeño,Arganda del Rey (Madrid), Desparasitada. Negativa a inmuno y leucemia. Vacunada. Con chip y cartilla veterinaria. Esterilizada. Con cartilla veterinaria. ," Está pequeña es Feli. Fue rescatada con 4 mesecitos, ahora con 8 meses sigue buscando un hogar para siempre. Es muy buena y cariñosa, le gustan tanto los mimos que cuando la acaricias un ratito babea. Y es que no puedes evitar tocarla, porque es tremendamente suave.",http://vydanimal.org/
545,MUFFIN,En adopción,SI,Gato,13-2-2018,Hembra,5 años y 10 meses,6/2012,EUROPEO,Mediano,Madrid (Madrid), Negativa a inmuno y leucemia. Vacunada y desparasitada. Esterilizada. Con chip y cartilla veterinaria. ," Esta tierna pantera fue adoptada y ahora no entra en el cambio de planes de vivienda familiar. EL DOMINGO ES EL ULTIMO DÍA ""QUE PUEDEN TENERLA""",http://vydanimal.org/
526,LUCY,En adopción,SI,Gato,9-5-2017,Hembra,1 año y 2 meses,1/2017,Cruce siamés,Pequeño,Arganda del Rey (Madrid)," Desparasitada. Test leucemia e inmunodeficiencia negativo. Vacunada, con chip y esterilizada. ", Lucy y su hermanita Mina fueron encontradas solitas en mitad de la carretera y una colaboradora nos avisó para rescatarlas.,http://vydanimal.org/
527,Mononoke y Carly,En adopción,SI,Gato,23-5-2017,Hembra,1 año y 8 meses,7/2016,Angora,Mediano,Madrid (Madrid)," CARLY: Negativa a leucemia e inmunodeficiencia. Vacuna pentavalente. MONONOKE: Negativa a leucemia e inmunodeficiencia. Se entregan con contrato de adopción, vacunadas, chipadas y con cartilla veterinaria y compromiso de esterilización. ", ***MUY URGENTE*** El humano de estas dos preciosidades ha de cumplir con la ley y no podrá seguir cuidándolas. Las adora y por eso quiere que una familia las cuide tanto como ha hecho él. Todo era para ellas y ahora se ha quedado sin nada. ,http://vydanimal.org/
530,ELISA,En adopción,SI,Gato,27-6-2017,Hembra, 11 meses y 1 día,5/2017,Común europeo,Pequeño,Arganda del Rey (Madrid)," Se entregará desparasitada, testada, vacunada, con chip y con compromiso de esterilización y seguimiento. ", Esta chiquitina fue rescatada cruzando la carretera solita. Ahora ya come solita y busca un hogar donde la quieran.,http://vydanimal.org/
531,TOMMY,En adopción,SI,Gato,5-7-2017,Macho,2 años,3/2016,Común europeo,Mediano,Alcalá de Henares (Madrid)," Desparasitado, test leucemia e inmunodeficiencia negativo, vacunado, esterilizado y con chip. "," Tommy fue rescatado de una colonia muy malito cuando era bebé y desde entonces ha pasado el pobre por varias casas de acogida, y ya se merece encontrar su hogar definitivo y dejar de ir dando tumbos de casa en casa.",http://vydanimal.org/
536,SAMBA,En adopción,SI,Gato,14-8-2017,Hembra, 10 meses y 26 días,5/2017,Común Europeo,Pequeño,Arganda del Rey (Madrid)," Desparasitada, vacunada, test inmunodeficiencia y leucemia negativo, con chip. Se entregará con compromiso de esterilización. "," Estas gatitas han sido recogidas de la calle. Se llaman Samba, la atigrada y Luna la negrita. Nacieron a mediados de mayo. ",http://vydanimal.org/
513,NINA,En adopción,SI,Gato,25-1-2017,Hembra,NA,NA,Europeo,Pequeño,Madrid (Madrid)," Desparasitada, Test de inmuno y leucemia negativos, Vacunada. Se entrega con chip y cartilla veterinaria. Compromiso de esterilización. ", Nina mal viviá en una de las colonias que estamos gestionando con el metodo CES. ,http://vydanimal.org/
525,MINA,En adopción,SI,Gato,9-5-2017,Hembra,1 año y 2 meses,1/2017,Cruce siamés,Pequeño,Arganda del Rey (Madrid)," Desparasitada. Test leucemia e inmunodeficiencia negativo. Vacunada, con chip y esterilizada. ", Mina y su hermanita Lucy fueron encontradas solitas en mitad de la carretera y una colaboradora nos avisó para rescatarlas.,http://vydanimal.org/
508,ROXY,En adopción,SI,Gato,11-9-2016,Hembra,1 año y 8 meses,7/2016,Común Europeo,Pequeño,Arganda del Rey (Madrid), Desparasitada. Test leucemia e inmunodeficiencia negativo. Vacunada. Con chip y esterilizada. ," Roxy fue rescatada de dentro del motor de un coche en el que llevaba varías horas atrapada. Estaba muy sucia y muerta de hambre, apenas le habían salido los dientes. ",http://vydanimal.org/
499,HUELLA,En adopción,SI,Perro,29-5-2016,Hembra,2 años y 2 meses,1/2016,Cruce de Galgo y Mastin,Grande,Arganda del Rey (Madrid)," Desparasitada. Chip y cartilla. Vacunas antirrábica, tetravalente y tos de las perreras. Esterilizada. ", El 17 de abril una colaboradora rescató a esta pequeña en la calle ya que estaba siendo maltratada por su supuesto dueño (un toxicomano). Consiguió que se la diera por 20€. ,http://vydanimal.org/
455,TORMENTA,En adopción,SI,Perro,30-7-2015,Hembra,5 años y 4 meses,12/2012,MESTIZO,Mediano,Madrid (Madrid)," Esterilizada, Desparasitación completa al día Vacunación antirrábica y pentavalente al día, Con Chip y cartilla veterianria. ", Tormenta fue rescatada del estado de abandono y maltrato de un toxicómano que alegaba que él podía hacer con ella lo que quisiera ya que era su propiedad. …,http://vydanimal.org/
500,DODY,En adopción,SI,Gato,2-7-2016,Macho,1 año y 10 meses,5/2016,Común Europeo,Pequeño,Madrid (Madrid)," Desparasitado, test leucemia e inmunodeficiencia negativo, vacunado. Se entregará con chip y compromiso de esterilización. "," Lo rescatamos de una colonia en una zona peligrosa, era muy chiquitín y estaba solito al sol maullando,muy delgadito,casi no se movía,desnutrido y deshidratado.",http://vydanimal.org/
502,PRINCESA ,En adopción,SI,Gato,2-7-2016,Hembra,1 año y 10 meses,5/2016,Europeo,Pequeño,Madrid (Madrid)," Test leucemia e inmunodeficiencia negativo, Desparasitada, Vacunada, Con chip y cartilla veterinaria. Esterilizada. "," Muy chiquitita estaba en unos matorrales solita maullando muy delgadita, en una zona peligrosa por perros sueltos y coches.",http://vydanimal.org/
446,SONIC,En adopción,SI,Gato,28-5-2015,Macho,3 años y 2 meses,1/2015,Europeo ,Mediano,Madrid (Madrid), Positivo a inmunodeficiencia felina. Negativo a leucemia. Desparasitado. Esterilizado. Con chip y cartilla veterinaria. ," Fue rescatado de una colonia que ""molestaba"" a los vecinos.",http://vydanimal.org/
505,ORUS,En adopción,SI,Gato,10-9-2016,Macho,1 año y 10 meses,5/2016,Común Europeo,Pequeño,Arganda del Rey (Madrid), Test leucemia e inmunodeficiencia negativo. Desparasitado. Vacunado. Con chip y esterilizado. , Orus fue rescatado de la carretera a punto de ser atropellado. ,http://vydanimal.org/
490,BADY,En adopción,SI,Gato,23-6-2016,Macho,1 año y 11 meses,4/2016,Común Europeo,Pequeño,Arganda del Rey (Madrid), Desparasitado. Test leucemia e inmunodeficiencia negativo. Vacunado. Esterilizado. Se entregará con chip y compromiso de esterilización. ," Estos son Sony, el rubio y Bady el de las manchas negras. Son simpáticos, juguetones y amorosos. Necesitan que alguien los quiera para darles la oportunidad de una vida mejor que tanto se merecen. ",http://vydanimal.org/
467,HIPPY,En adopción,SI,Gato,23-12-2015,Macho,2 años y 8 meses,7/2015,Común Europeo,Pequeño,Arganda del Rey (Madrid)," Desparasitado, test leucemia e inmunodeficiencia negativo, con chip. Se entregará vacunado y esterilizado. ", Este Chiquitín fue encontrado en la calle muy malito y desnutrido.,http://vydanimal.org/
478,CRISTEL,En adopción,SI,Gato,29-12-2015,Hembra,3 años y 7 meses,8/2014,Común europeo,Mediano,Arganda del Rey (Madrid)," Test inmunodeficiencia y leucemia negativo, desparasitada, esterilizada, con chip. Se entregará vacunada. "," Encontramos a Cristel con dos mesecitos en un descampado muy malita con los ojos cerrados debido a una gran rinotraqueitis. Con los cuidados necesarios pronto se recuperó, pero como es Carey, nunca nadie se ha fijado en ella.",http://vydanimal.org/
479,MIA,En adopción,SI,Gato,29-12-2015,Hembra,9 años,3/2009,Común europeo,Mediano,Arganda del Rey (Madrid)," Test leucemia e inmunodeficiencia negativo, desparasitada, esterilizada, con chip. Se entregará vacunada. ", Los dueños de Mia se mudaron de casa y dejaron abandonada a la gatita en la calle. Una colaboradora se enteró de la historia y la recogió en su casa para buscarle un nuevo hogar.,http://vydanimal.org/
471,MAYA,En adopción,SI,Gato,7-2-2016,Hembra,2 años y 10 meses,5/2015,Común Europeo,Mediano,Arganda del Rey (Madrid), Test inmunodeficiencia- leucemia negativo. Desparasitada. Esterilizada. Vacunada y con chip. , Maya fue capturada para esterilizar y soltar en el programa CES que llevamos a cabo en Arganda. En el vete vieron que estaba muy constipada y nos la quedamos mas tiempo de post operatorio para que se recuperase. Ahí nos dimos cuenta de que era buena y tranquila y decidimos darle una oportunidad.,http://vydanimal.org/
489,SONY,En adopción,SI,Gato,23-6-2016,Macho,1 año y 11 meses,4/2016,Común Europeo,Mediano,Arganda del Rey (Madrid), Desparasitado. Test leucemia e inmunodeficiencia negativo. Vacunado. Esterilizado. Se entregará con chip. ," Estos son Sony, el rubio y Bady el de las manchas negras. Son simpáticos, juguetones y amorosos. Necesitan que alguien los quiera para darles la oportunidad de una vida mejor que tanto se merecen. ",http://vydanimal.org/
451,TIGER,En adopción,SI,Gato,14-7-2015,Macho,3 años,3/2015,EUROPEO,Pequeño,Madrid (Madrid), Test leucemia e inmunodeficiencia negativo. Desparasitado. Vacunado. Con chip y cartilla veterinaria. Esterilizado ," Tiger fue rescatado de un Árbol, cuando era un bebé de tan solo dos meses, un frió día de marzo. ",http://vydanimal.org/
400,DULCE,En adopción,SI,Gato,9-10-2014,Hembra,3 años y 9 meses,7/2014,Común Europeo,Mediano,Arganda del Rey (Madrid), Test leucemia e inmunodeficiencia negativo. Desparasitada. Esterilizada y con chip. Se entregará vacunada. Se entregará vacunada. , Dulce fue rescatada de una colonia que está siendo controlada.,http://vydanimal.org/
225,NUAR,En adopción,SI,Gato,11-2-2014,Macho,7 años y 4 meses,11/2010,Común Europeo,Mediano,Madrid (Madrid), Negativo a leucemia e inmunodeficiencia. Vacunado y desparasitado. Chip y cartilla veterinaria Esterilizado , Nuar vivía en una colonia con otros gatos. Se capturó para esterilizarlo y ser devuelto despues a la colonia que estaba siendo controlada. ,http://vydanimal.org/
459,KIRA y NOA,En adopción,SI,Gato,22-5-2015,Macho,2 años y 11 meses,5/2015,NA,Pequeño,Madrid (Madrid)," Se entregan desparasitados, con chip, test negativo de leucemia e inmunodeficienciam vacuna trivalente y compromiso de esterilización. ", Estos hermanitos fueron rescatados de debajo de un coche y yacían al lado de otros gatitos fallecidos por deshidratación o atropello.,http://vydanimal.org/
448,KAORÍ,En adopción,SI,Gato,17-6-2015,Hembra,4 años y 5 meses,11/2013,Común Europeo,Mediano,Arganda del Rey (Madrid)," Test inmunodeficiencia-leucemia negativo. Desparasitada, vacunada, esterilizada y con chip ", Esta belleza de gata es Kaorí y mas guapa y buena no se puede ser.,http://vydanimal.org/
406,BETÚN,En adopción,SI,Gato,4-11-2014,Macho,3 años y 9 meses,7/2014,Común Europeo,Grande,Arganda del Rey (Madrid), Test leucemia e inmunodeficiencia negativo. Desparasitado. Esterilizado y con chip. Se entregará vacunado. Se entregará vacunado. , Betún fue rescatado de una colonia que está siendo controlada.,http://vydanimal.org/
423,CHULA,En adopción,SI,Gato,23-1-2015,Hembra,3 años y 10 meses,6/2014,Europeo ,Pequeño,Madrid (Arganda), Negativa a inmuno y leucemia. Desparasitada. Esterilizada y con chip. Se entregará vacunada. ," La encontraron (junto con su hermano Isi) con pocas semanas de vida, muy malita y conseguimos que saliera adelante y se convirtiera en una preciosidad.",http://vydanimal.org/
424,GINEBRA,En adopción,SI,Gato,26-1-2015,Hembra,4 años y 3 meses,1/2014,Europeo ,Mediano,Arganda del Rey (Madrid), Negativa a inmuno y leucemia. Desparasitada. Esterilizada. Con chip. Se entregará vacunada. ," Ginebra a parte de muy guapa y cariñosa, es tremendamente sociable con adultos, niños y perros. ",http://vydanimal.org/
232,CHIKI,En adopción,SI,Gato,6-12-2012,Hembra,5 años y 7 meses,8/2012,Comun europeo,Mediano,Madrid (Madrid), Negativa a leucemia e inmunodeficiencia. Vacunada de trivalente. Desparasitada. Con chip y cartilla veterinaria Esterilizada , Chiqui entro en una jaula junto con otro gato adulto que iba a ser castrado. Como era peque decidimos quedarnosla para buscarla adopcion.,http://vydanimal.org/
434,ARYA,En adopción,SI,Gato,20-4-2013,Hembra,5 años,3/2013,Común europeo,Mediano,Madrid (Madrid), Negativa a leucemia e inmunodeficiencia. Vacunada. Desparasitada. Esterilizada Con chip y cartilla veterinaria. ," Arya es una gatita que junto a su hermana Khalessi estaban en un patio donde su madre había parido y donde estaban en peligro, pues un vecino pretendía hacerlos desaparecer...",http://vydanimal.org/
538,NICO,En adopción,SI,Perro,16-8-2017,Macho, 11 meses y 9 días,5/2017,MESTIZO,Pequeño,Madrid (Madrid), Desparasitado. Vacunación pentavalente. Chipado y cartilla veterinaria. Se entrega con compromiso de esterilización a los 6 meses de vida. , A este pequeño lo iban a dejar abandonado al lado de un cubo de basura. Menos mal que una de nuestras colaboradoras&#8203; estaba allí y lo vio. ,http://vydanimal.org/
540,MIKE,En adopción,SI,Gato,19-10-2017,Macho,2 años,3/2016,NA,Mediano,Madrid (Madrid)," Se entrega con cartilla veterinaria, desparasitado, testación negativa de inmunodeficiencia felina y leucemia, vacuna pentavalente y esterilización. "," Mike fue rescatado de la calle, un abandono o pérdida pero no tenía chip y estaba sin castrar. Tras una semana escondido en una maceta, nos avisaron y fuimos a recogerlo.",http://vydanimal.org/
542,BLADI,En adopción,SI,Gato,10-11-2017,Macho, 7 meses y 9 días,9/2017,Común europeo,Pequeño,Arganda del Rey (Madrid)," Desparasitado, vacunado, test leucemia e inmunodeficiencia negativo, se entregará con chip y compromiso de esterilización. "," Bladi, busca con urgencia acogída o adopción.",http://vydanimal.org/
543,DANNA,En adopción,SI,Gato,17-11-2017,Hembra, 7 meses y 12 días,8/2017,Común europeo,Pequeño,Madrid (Madrid)," Desparasitada. Con chip. Se entregará vacunada, testada y con compromiso de esterilización. ", Danna fue rescatada de la calle en una zona peligrosa donde unos niños ya habían matado a unos de sus hermanitos.,http://vydanimal.org/
212,GOMINOLA,En adopción,SI,Gato,15-11-2012,Hembra,7 años y 5 meses,11/2010,Comun europeo,Mediano,Madrid (Madrid), Necesita casa de acogida para poder hacerla test y comenzar ciclo de vacunacion. ," Gominola es una gata abandonada hace poco por sus dueños, porque a la hija mayor le salieron unas heridas en la cabeza, culparon a la gata de ello y la sacaron a la puerta. ",http://vydanimal.org/
529,DENVER,En adopción,SI,Gato,27-6-2017,Macho, 10 meses y 28 días,5/2017,Común europeo,Pequeño,Arganda del Rey (Madrid)," Se entregará desparasitado, vacunado, testado, con chip, compromiso de esterilización y contrato de adopción. "," Este chiquitín es el único hermanito de su camada que queda por adoptar y el motivo es que tiene ataxia, que le provoca andares descordinados y temblor de la cabecita en ciertas ocasiones, pero nada de esto le impide hacer una vida normal. ",http://vydanimal.org/
535,JENNY,En adopción,SI,Gato,20-7-2017,Hembra, 11 meses y 15 días,4/2017,Común europeo,Pequeño,Madrid (Madrid)," Desparasitada. Se entregará vacunada, con test leucemia e inmunodeficiencia, con chip y compromiso de esterilización. ", Esta peque fue rescatada maullando solita en mitad de la carretera y una colaboradora se paró y la salvó de una muerte segura.,http://vydanimal.org/
524,MARIO,En adopción,SI,Perro,16-4-2017,Macho,1 año y 2 meses,2/2017,Mastin,Grande,Madrid (Madrid)," Desparasitado interna y externamente. Se entrega vacunado, con test de filaria, chip y cartilla, con contrato de adopción y compromiso de castración entre los 6 a 8 meses de vida. "," En un mercadillo de los que hacemos para recaudar fondos, en un descuido, dejaron a Mario encima de la mesa donde estaba lo que se vendía. [...]",http://vydanimal.org/
518,MARC,En adopción,SI,Perro,12-6-2017,Macho,2 años y 1 mes,3/2016,Bodeguero + mini pincher,Pequeño,Madrid (Madrid)," Se entrega con chip, con test de leishmania y erliquia negativo, desparasitado, con vacuna pentavalente y esterilizado. ", Marc es un perro abandonado recogido del campo en un pueblo de Andalucía.,http://vydanimal.org/
528,DYLAN,En adopción,SI,Gato,25-6-2017,Macho, 11 meses y 4 días,5/2017,Común europeo,Pequeño,Arganda del Rey (Madrid)," Desparasitado. Se entregará testado, vacunado, con chip, compromiso de esterilización y contrato de adopción en Madrid. "," Os presentamos al último chiquitín rescatado, solito en la calle bajo el sol y el calor que está haciendo estos días.",http://vydanimal.org/
517,TALOS,En adopción,SI,Gato,9-2-2017,Macho,1 año y 6 meses,10/2016,Cruce siamés ,Mediano,Arganda del Rey (Madrid)," Desparasitado. Se entregará testado, vacunado, con chip y compromiso de esterilización. ", Talos fue recogido de una colonia porque era muy sociable y corría peligro. Una vez acogido se ha soltado más todavía y ahora es lo más mimosón del mundo. Le encanta estar en brazos y los mimos. ,http://vydanimal.org/
520,KINA,En adopción,SI,Perro,11-4-2017,Hembra,1 año y 2 meses,2/2017,Cruce Bretón ,Mediano,Arganda del Rey (Madrid)," Desparasitada, con chip y vacunada. Se entregará con compromiso de esterilización. ", Estos 4 pequeñines tan peluditos buscan adopción en Madrid.,http://vydanimal.org/
521,KYROS ,En adopción,SI,Perro,11-4-2017,Macho,1 año y 2 meses,2/2017,Cruce Bretón ,Mediano,Arganda del Rey (Madrid)," Desparasitado, vacunado y con chip. Se entregará con compromiso de esterilización. ", Estos 4 pequeñines tan peluditos buscan adopción en Madrid.,http://vydanimal.org/
522,KIRK,En adopción,SI,Perro,11-4-2017,Macho,1 año y 2 meses,2/2017,Cruce Bretón ,Mediano,Arganda del Rey (Madrid)," Desparasitado y con chip. Se entregará vacunado, y compromiso de esterilización. ", Estos 4 pequeñines tan peluditos buscan adopción en Madrid.,http://vydanimal.org/
523,KIRIAN ,En adopción,SI,Perro,11-4-2017,Macho,1 año y 2 meses,2/2017,Cruce Bretón ,Mediano,Arganda del Rey (Madrid)," Desparasitado y con chip. Se entregará vacunado, y compromiso de esterilización. ", Estos 4 pequeñines tan peluditos buscan adopción en Madrid.,http://vydanimal.org/
359,NEGRITO,En adopción,SI,Gato,8-1-2014,Macho,5 años,4/2013,Común Europeo,Mediano,Madrid (Madrid), Negativo a inmuno y leucemia Desparasitado Vacunado Chip y cartilla veterinaria Esterilizado. Se entrega con contrato de adopción En Madrid ," Negrito y su hermano Blanquito, aparecieron este verano con su madre y otros dos hermanos, en una colonia que ya estaba controlada. ",http://vydanimal.org/
511,RAIN,En adopción,SI,Gato,3-8-2016,Macho,2 años,4/2016,Común Europeo,Mediano,Arganda del Rey (Madrid), Negativo a leucemia e inmunodeficiencia. Desparasitado. Vacunado de trivalente. Esterilizado y con chip. ," Rain fue encontrado un día de lluvia (de ahí su nombre) solito maullando en el jardín de un chalet. Enseguida conseguimos adoptante para él, pero al mes de tenerlo nos lo devolvieron. ",http://vydanimal.org/
514,SIMBA,En adopción,SI,Gato,14-12-2016,Macho,1 año y 7 meses,9/2016,Común europeo,Mediano,Arganda (Madrid), Test leucemia e inmunodeficiencia negativo. Desparasitado. Esterilizado y con Chip. Vacunado. ," Simba y Nala llevaban un par de dias llorando solitos en la calle, habían atropellado a su madre, asi que los recogieron y subieron a una casa de acogida. ",http://vydanimal.org/
515,NALA,En adopción,SI,Gato,14-12-2016,Hembra,1 año y 7 meses,9/2016,Común europeo,Mediano,Arganda (Madrid), Test leucemia e inmunodeficiencia negativo. Desparasitada. Con chip. Esterilizada y vacunada. ," Nala y Simba llevaban un par de dias llorando solitos en la calle, habían atropellado a su madre, asi que los recogieron y subieron a una casa de acogida. ",http://vydanimal.org/
516,BLANQUI,En adopción,SI,Gato,8-2-2017,Hembra,1 año y 5 meses,10/2016,Común Europeo,Pequeño,Arganda del Rey (Madrid)," Desparasitada. Test leucemia e inmunodeficiencia negativo. Vacunada, con chip. Con compromiso de esterilización. ", Blanqui es la última hermanita de nuestro tuertito Houddini que queda por adoptar. ,http://vydanimal.org/
504,GADI,En adopción,SI,Gato,10-9-2016,Macho,1 año y 10 meses,5/2016,Común Europeo,Pequeño,Arganda del Rey (Madrid), Test leucemia e inmunodeficiencia negativo. Desparasitado. Vacunado. Con chip y esterilizado. , Gadi y sus otros tres hermanos nacieron en la parcela de un chalet. La dueña del chalet no quería que estuvieran allí así que los recogimos con un mesecito. ,http://vydanimal.org/
506,VIKY,En adopción,SI,Gato,11-9-2016,Hembra,1 año y 10 meses,5/2016,Común Europeo,Pequeño,Arganda del Rey (Madrid)," Desparasitada. Se entregará testada, vacunada, con chip y compromiso de esterilización. ", La mamá de Viky y Luky los trasladaba a un lugar peligroso y en el camino se les calló. ,http://vydanimal.org/
507,LUKY ,En adopción,SI,Gato,11-9-2016,Macho,1 año y 10 meses,5/2016,Común Europeo,Mediano,Arganda del Rey (Madrid), Desparasitado. Test leucemia e inmunodeficiencia negativo. Vacunado. Con chip y esterilizado. , La mamá de Viky y Luky los trasladaba a un lugar peligroso y en el camino se les calló. ,http://vydanimal.org/
510,PINKY ,En adopción,SI,Gato,27-9-2016,Macho,2 años y 8 meses,7/2015,Común Europeo,Mediano,Arganda del Rey (Madrid)," Desparasitado, test leucemia e inmunodeficiencia negativo, vacunado, con chip. Se entregará esterilizado. ", Hace unos meses difundiamos a este gatito con esos ojos tan originales para encontrarle un hogar. Ahora justo un año después nos lo devuelven por alergia y no tenemos ni un sólo hueco donde meterle. ,http://vydanimal.org/
512,PAQUITO Y CURRITO,En adopción,SI,Gato,12-11-2016,Macho,1 año y 6 meses,9/2016,EUROPEO,Pequeño,Valdemoro (Madrid), Desparasitados. Compromiso de prueba sanguinea de FELV FIV. Vacunación Chipado y cartilla veterinaria Y esterilización de ambos al cumplir los 6 meses de vida. ," Aparecieron solitos y maullando, con solo unas semanas de vida, en un lugar no muy seguro para ellos. Afortunadamente se los llevaron a casa y después de bibes y mimos ya están preparados para que alguien los adopte.",http://vydanimal.org/
484,AYLEN,En adopción,SI,Gato,7-6-2016,Hembra,2 años,4/2016,NA,Mini,Madrid (Madrid),NA, Aylen es una gatita de dos meses rescatada de la calle muy enferma y con peligro de atropello.,http://vydanimal.org/
488,PETER Y NOAH,En adopción,SI,Gato,16-6-2016,Macho,5 años y 10 meses,6/2012,EUROPEO,Mediano,Madrid (Madrid)," ESTERILIZADOS, DESPARASITADOS, VACUNADOS, CON CHIP Y CARTILLA VETERINARIA. ", Alimentados con biberón logaron sobrevivir. Una persona los adoptó juntos y al cabo de tres años los abandonó en una perrera. Nos costó mucho recuperarlos y ahora necesitamos que alguien que no los vaya a abandonar nunca los adopte. ,http://vydanimal.org/
497,JAMIE,En adopción,SI,Gato,20-6-2016,Macho,1 año y 11 meses,4/2016,Común Europeo,Pequeño,Arganda del Rey (Madrid), Desparasitado. Vacunado. Test leucemia e inmunodeficiencia negativo. Con chip. Se entrega con compromiso de esterilización. , LOS PROTAGONISTAS DE JUEGO DE TRONOS EN ADOPCIÓN!!!,http://vydanimal.org/
501,MISTER,En adopción,SI,Gato,2-7-2016,Macho,1 año y 11 meses,5/2016,Común Europeo,Pequeño,Madrid (Madrid)," Desparasitado, test leucemia e inmunodeficiencia negativo, vacunado. Se entregará con chip y compromiso de esterilización. "," Apareció debajo de un coche maullando,solito,en una zona de mucho tránsito y peligrosa.",http://vydanimal.org/
498,MIRA,En adopción,SI,Gato,14-7-2016,Hembra,4 años y 8 meses,8/2013,Tricolor,Mediano,Madrid (Madrid)," Mira es una gatita completamente sana. Se entregará desparasitada, con chip, con test de leucemia e inmunodeficiencia negativo, vacunada y esterilizada. ", Mira es una gata muy sociable y cariñosa.,http://vydanimal.org/
476,LOREN,En adopción,SI,Gato,31-3-2016,Macho,4 años y 1 mes,2/2014,Común Europeo,Mediano,Madrid (Madrid), Test leucemia e inmunodeficiencia negativo. Desparasitado. Vacunado. Esterilizado. Con chip ," Si quieres un oso amoroso que te abrace,ese es nuestro Loren,es un amor.",http://vydanimal.org/
477,CECI,En adopción,SI,Gato,29-4-2016,Hembra,3 años y 6 meses,10/2014,Común europeo,Mediano,Arganda del Rey (Madrid)," Test leucemia e inmunodeficiencia negativo, desparasitada, esterilizada, vacunada. Se entregará con chip. "," Ceci fue capturada para esterilizar y soltar en el programa CES que llevamos a cabo en Arganda. En el post operatorio nos dimos cuenta de que era buena y tranquila y decidimos darle una oportunidad. Es una gata muy dulce y juguetona, muy buena y se lleva bien con otros gatos.",http://vydanimal.org/
481,MIAU,En adopción,SI,Gato,29-4-2016,Hembra,3 años y 11 meses,4/2014,Común europeo,Mediano,Arganda del Rey (Madrid)," Test leucemia e inmunodeficiencia negativo, desparasitada, vacunada, esterilizada y con chip. ", Miau ha vivido desde pequeña con una pareja que ya no puede seguir teniéndola y vamos a buscarle un nuevo y mejor hogar.,http://vydanimal.org/
483,GHOST,En adopción,SI,Gato,2-6-2016,Macho,1 año y 11 meses,4/2016,Común Europeo,Pequeño,Arganda del Rey (Madrid)," Desparasitado. Se entregará vacunado, testado, con chip y compromiso de esterilización en Madrid. ", Este chiquitin fue rescatado junto al resto de sus hermanos de un polígono solitos y sin rastro de madre. ,http://vydanimal.org/
475,ROYER,En adopción,SI,Gato,31-3-2016,Macho,3 años y 1 mes,2/2015,Común Europeo,Mediano,Madrid (Madrid)," Positivo a leucemia, negativo a inmunodeficiencia. Desparasitado. Esterilizado. Vacunado y con chip. "," A Royer le abandonaron en una de las colonias que estamos gestionado en Madrid. Otros gatos lo pegaban y le rescatamos muy delgadito y con muchas heridas, dando como resultado que sea positivo en leucemia,pero puede vivir perfectamente con cariño y cuidados.",http://vydanimal.org/
276,ARES,En adopción,SI,Perro,4-7-2013,Macho,8 años,3/2010,American Stanfford,Mediano,Madrid (Madrid), Vacunas al día. Desparasitado. Con chip y cartilla veterinaria. Compromiso de esterilización. Pasó el parvo de cachorro. Ahora está completamente sano. , **URGENTISIMO. CADA DÍA ESTÁ MÁS TRISTE**,http://vydanimal.org/
452,KISS,En adopción,SI,Gato,15-7-2015,Macho,2 años y 11 meses,5/2015,Europeo,Pequeño,Madrid (Madrid)," Negativo a inmuno y leucemia felina. Desparasitado, Vacunado, Chipado y con cartilla veterinaria. Esterilizado. ", Kiss estaba siendo maltratado por unas niñatas que lo estaban golpeando en un parque. Afortunadamente un chico lo vio y se lo quitó. ,http://vydanimal.org/
466,NUBE,En adopción,SI,Gato,15-12-2015,Hembra,2 años y 7 meses,9/2015,EUROPEO,Pequeño,Madrid (Madrid), Negativa a inmuno y leucemia Desparasitada Vacunada Chip y cartilla veterinaria. Se entrega con compromiso de esterilización entre los 6 y 8 meses de vida. , NUBE fue rescatada por un portero en el jardín de un recinto privado. ,http://vydanimal.org/
480,RAYA,En adopción,SI,Gato,29-1-2016,Hembra,3 años y 2 meses,2/2015,Común europeo,Mediano,Arganda del Rey (Madrid)," Desparasitada. Vacunada, esterilizada, test leucemia e inmunodeficiencia negativo. Con chip. "," A Raya la encontramos con una gran herida en el rabo y no hacía mas que pedir mimos a todo el mundo. Es muy buena y cariñosa, le encanta que la mimen. Se lleva muy bien con niños, perros y gatos.",http://vydanimal.org/
469,CATA & SURY,En adopción,SI,Perro,8-2-2016,Hembra,3 años y 9 meses,7/2014,bodeguero+ mini pincher,Pequeño,Madrid (Madrid)," Se entregan desparasitadas interna y externamente, con chip, vacuna pentavalente y rabia, test de leishmania negativo y esterilizadas. ", Cata y Suri son dos bodegueritas abandonadas en una gasolinera de Sevilla.,http://vydanimal.org/
429,CHELSEA y OKAMI,En adopción,SI,Gato,11-2-2015,Hembra,4 años y 1 mes,2/2014,Siamés,Mediano,Madrid (Madrid), AMBAS: Negativas a inmuno y leucemia felina Vacunadas Desparasitadas Con chip Esterilizadas. ," Estás gatitas, cuyo aspecto es milagro de las mezclas de la naturaleza, son tan preciosisimas por dentro como por fuera.",http://vydanimal.org/
460,TOBY,En adopción,SI,Perro,22-7-2015,Macho,7 años y 7 meses,8/2010,CHIGUAGUA,Mini,Madrid (Madrid)," Se entrega desparasitado, con chip, test negativo deleishmania, vacuna pentavalente y esterilizado. ", Toby es nuestro chiguagua animado!!!,http://vydanimal.org/
457,PRINCESA,En adopción,SI,Gato,22-8-2015,Hembra,2 años y 11 meses,5/2015,SIAMESA,Pequeño,Madrid (Madrid)," Se entrega desparasitada, con chip, test negativo de leucemia e inmunodeficiencia. vacuna trivalente y compromiso de esterilización. ", Princesa es la única gatita que queda en adopción de 11 siameses que vivían en un campo sin apenas alimento y llenos de parásitos.,http://vydanimal.org/
461,RON,En adopción,SI,Perro,22-8-2015,Macho,3 años y 4 meses,12/2014,PODENCO+MINI PINCHER,Pequeño,Madrid (Madrid)," Se entrega desparasitado, con chip, test negativo de leishmaniosis, vacuna pentavalente y esterilizado. ", Ron es un perro de 9 meses que fue rescatado de unos escombros en un campo de Cádiz. ,http://vydanimal.org/
419,MISI,En adopción,SI,Gato,7-1-2015,Hembra,7 años y 8 meses,8/2010,Europeo ,Mediano,Madrid (Madrid), Negativa a inmuno y leucemia felina. Desparasitasda. Vacunada. Con chip y cartilla veterinaria. Esterilizada. ," Los papis humanos de Misi, no podían cuidarla más por una enfermedad degenerativa que les impide cada vez más ocuparse correctamente de ella, el resto de su familia no ha querido hacerse cargo de su adopción, con amenazas varias que ya podéis imaginar. Desde entonces ha pasado por 5 casas de acogida, donde la hubieran adoptado si no fuera porque casi todos han sido estudiantes extranjeros que deben volver a su país al acabar el curso. ",http://vydanimal.org/
450,TACO,En adopción,SI,Gato,20-6-2015,Macho,2 años y 11 meses,4/2015,Europeo ,Pequeño,Madrid (Madrid)," Negativo a inmuno y leucemia felinas Vacunado, Desparasitado, con chip y cartilla veterinaria. Esterilizado. ", Una pareja de chicos muy jóvenes se encontraron con este bebé solito en un callejón. En sus casas no les dejaron quedárselo y al final dieron con una de nuestras coordinadoras que lo acogió y alimento con biberón. ,http://vydanimal.org/
449,PICHI,En adopción,SI,Gato,17-6-2015,Macho,3 años,3/2015,Común Europeo,Pequeño,Madrid (Madrid)," Test leucemia e inmunodeficiencia negativo, desparasitado, con chip y vacunado. Se entregará con contrato y compromiso de esterilización. "," Este precioso bebé fue rescatado de un Árbol un frió día de marzo,con tan solo dos meses de vida. ",http://vydanimal.org/
445,DAFNE,En adopción,SI,Gato,28-5-2015,Hembra,3 años y 9 meses,7/2014,Común Europeo,Mediano,Arganda del Rey (Madrid), Test negativo a inmuno y leucemia. Desparasitada y vacunada. Con chip y cartilla veterinaria. Esterilizada. ," Esta preciosisima gatita, fue recogida en una colonia de Arganda.",http://vydanimal.org/
432,GOLFO,En adopción,SI,Perro,7-3-2015,Macho,5 años y 11 meses,4/2012,Cruce de bodeguero,Mediano,Madrid (Madrid), Negativo a leishmania. Desparasitado y vacunas al orden. Esterilizado Con chip y cartilla veterianria. ," Golfo es un perro rescatado de una situación muy dura pues estaba 24 horas atado con una cadena en una zona inhóspita, sin casi refugio lloviera, nevara y con el sol de lleno. Sin agua limpia casi ningún día, heridas en el cuello y más cosas que vamos a callarnos.",http://vydanimal.org/
247,PEPE,En adopción,SI,Gato,25-2-2013,Macho,9 años y 5 meses,10/2008,Común Europeo,Mediano,Madrid (Madrid), Negativo a inmunodeficiencia y leucemia. Desparasitado. Vacunado Con chip y cartilla veterinaría. Esterilizado. ," Cuando nos hicimos cargo de Pepe era un gato muy asustadizo y tímido, ya que en la casa donde vivía apenas le habían dedicado tiempo. Pero gracias al cariño y paciencia de su casa de acogida se ha convertido en un gato cariñoso y bueno. ",http://vydanimal.org/
437,PITUFA Y LAURA,En adopción,SI,Perro,27-3-2015,Hembra,11 años y 1 mes,3/2007,Yorkshire y chihuahua,Mini,Madrid (Madrid), Sanas y esterilizadas. ," Pitufa y Laura son dos perritas que buscan adopción conjunta, porque siempre han vivido unidas y lo podrían pasar muy mal.",http://vydanimal.org/
412,MAFIA,En adopción,SI,Gato,28-11-2014,Macho,3 años y 8 meses,7/2014,Europeo Común,Mediano,Madrid (Madrid), Negativo a leucemia e inmuno. Vacunado y desparasitado. Chip y cartilla veterinaria. Esterilizado. ," Este gatin, apareció de repente en una de las colonias que hay en Villalba. La alimentadora de la colonia, al ver que era tremendamente sociable y que estaba solito, lo cogió y lo llevó a su casa. ",http://vydanimal.org/
322,ALBA,En adopción,SI,Gato,23-10-2013,Hembra,4 años y 10 meses,6/2013,Común Europeo,Mediano,Madrid (Madrid), Negativa a inmuno y leucemia Desparasitada Vacunada Con chip y cartilla veterinaria Esterilizada. , Alba es una gatita cariñosa y juguetona. ,http://vydanimal.org/
440,Blanca,En adopción,SI,Perro,11-5-2011,Hembra,6 años y 10 meses,5/2011,Bretón ,Mediano,madrid (comunidad de madrid)," Se entregará desparasitada interna y externamente, chip, test de leishmania negativo, vacuna de la rabia y pentavalente y compromiso de esterilización. "," Blanca es una perra de raza pura Bretona.vive en un pueblo cercano a Madrid y actualmente sigue pasando penurias con su dueño: la utilizó para cazar, se quedó preñada y ha pasado mucho hambre.",http://vydanimal.org/
443,CHISPA,En adopción,SI,Perro,24-5-2015,Hembra,5 años y 2 meses,1/2013,Cruce bodeguero+ mini pincher,Pequeño,Madrid (Madrid)," Negativo de leishmania, Desparasitada, vacuna polivalente y rabia. Esterilizada. "," ACOGIDA URGENTE O ADOPCIÓN PARA "" CHISPA""",http://vydanimal.org/
431,DAMA,En adopción,SI,Perro,6-3-2015,Hembra,5 años y 7 meses,8/2012,Mestizo,Pequeño,Madrid (Madrid), Vacunada y desparasitada. , Dama es una perrita traída desde fuera de Madrid donde la tiraron por una valla.,http://vydanimal.org/
430,JIMMY,En adopción,SI,Perro,7-3-2015,Macho,3 años y 11 meses,5/2014,Cruce de Jack Rusell,Pequeño,Madrid (Madrid), Vacunas en orden. ," Jimmy es un cachorro muy activo, aún juega mordiendo aunque sin hacer daño por lo que necesita ser educado.",http://vydanimal.org/
428,TEO,En adopción,SI,Perro,26-1-2015,Macho,3 años y 7 meses,8/2014,Teckel,Pequeño,Madrid (Madrid), Vacunación al día. Desparasitado interna y externa. Chip y cartilla veterinaria. Se entrega con compromiso de esterilización entre los 6 y 8 meses de vida ," Este pequeño perro mestizo de Teckel, fue encontrado en medio del campo, junto a su madre que yacía muerta con signos de desnutrición.",http://vydanimal.org/
421,CACO,En adopción,SI,Gato,9-1-2015,Macho,6 años y 1 mes,3/2012,Europeo ,Mediano,Madrid (Madrid)," Desparasitado interna y externamente. Esterilizado. Se entrega testado, vacunado y con chip y cartilla veterinaria. "," Caco iba a comer y dormir, al patio de una persona que le dejaba pienso. No sabemos que le pudo pasar, pero un día apareció cojeando sin apoyar apenas una de sus patas. En cuanto pudimos, lo llevamos a RX y confirmaron que estaba roto el radio y había que operar. ",http://vydanimal.org/
436,KISS,En adopción,SI,Perro,20-3-2015,Hembra,3 años y 10 meses,5/2014,Mestiza,Pequeño,Madrid (Madrid)," Sana, desparasitada, con sus vacunas al día. "," Kiss es una perrita cachorra muy cariñosa y lista, no ladra apenas y aprende muy rápido.",http://vydanimal.org/
408,NANO,En adopción,SI,Perro,28-11-2014,Macho,9 años y 10 meses,5/2008,Yorkshire terrier,Pequeño,Madrid (Madrid), Vacunación al día. Se entrega esterilizado. , Nano es un perrete muy alegre y dulce. Sus dueños ya no podían hacerse cargo de él y nosotras le estamos buscando un nuevo hogar donde le cuiden y adoren como se merece. ,http://vydanimal.org/
420,BELLA,En adopción,SI,Gato,8-1-2015,Hembra,3 años y 9 meses,7/2014,Europeo ,Pequeño,Madrid ," Negativa a inmuno y leucemia. Vacunada. Desparasitada. Se entrega con chip y cartilla, y esterilizada. "," Bella, convivía con más gatitos en una colonia. Parecía la única sociable y la persona que la encontró se la llevó a casa para buscarle un nuevo hogar.",http://vydanimal.org/
427,LINK,En adopción,SI,Gato,26-1-2015,Macho,3 años y 11 meses,5/2014,Europeo ,Mediano,Madrid (Alcalá de Henares), Negativo a inmuno y leucemia. Desparasitado. Esterilizado. Se entrega con Chip y cartilla veterinaria y vacunado. , Link fue rescatado con sus 4 hermanitos. Es el único que falta por adoptar. ,http://vydanimal.org/
413,MOE,En adopción,SI,Perro,4-12-2014,Hembra,3 años y 9 meses,6/2014,MESTIZO,Mediano,Madrid (Madrid)," Se entrega vacunada, desparasitada, con chip y cartilla y esterilizada. "," Moe, fue encontrada vagando por una calle. Estaba muy delgada y sucia.",http://vydanimal.org/
411,THOR,En adopción,SI,Perro,28-11-2014,Macho,4 años y 9 meses,6/2013,NA,Grande,Madrid (Madrid), Vacunación al día Esterilizado Con chip y cartilla veterinaria. ," Thor fue abandonado por su dueño en una perrera madrileña. Le empezaba a ""estorbar"", y aunque le pedimos tiempo para buscarle una casa de acogida, prefirió deshacerse de él sin importarle nada más.",http://vydanimal.org/
394,DANA,En adopción,SI,Gato,7-8-2014,Hembra,5 años y 10 meses,5/2012,Europeo Común,Mediano,Madrid (Madrid), Negativa a inmunodeficiencia y leucemia felina. Desparasitada. Vacunada. Esterilizada Con chip y cartilla veterinaria. ," Dana vivía en la calle con sus dos cachorritos de mes y medio. Los tres tan sociables que les buscamos casa de acogida para darlos en adopción. El día que fuimos a recogelos a la colonia, los cachorritos habían desaparecido y aunque hicimos una gran batida no hemos sabido que les pudo pasar. ",http://vydanimal.org/
402,PUMA Y BOLI,En adopción,SI,Gato,12-10-2014,Macho,7 años y 7 meses,9/2010,Europeo ,Mediano,Madrid (Madrid), AMBOS: Negativos a inmuno y leucemia Vacunados Desparasitados Esterilizados ," DEBEN SALIR DE SU CASA ACTUAL. La persona que los cuida tiene una ALTERACIÓN MENTAL y creemos que pueda hacerles daño. Los tiene todo el día en la terraza haga frió o calor, llueva o nieve. Y sabemos que HACE DAÑO A OTRO TIPO DE ANIMALES.",http://vydanimal.org/
345,PIZCA,En adopción,SI,Gato,15-12-2013,Hembra,4 años y 7 meses,8/2013,Común Europeo,Mediano,Madrid (Madrid), Negativa a leucemia e inmunodeficiencia. Vacunada. Dsparasitada. Con chip y cartilla veterinaria. Esterilizada ," Pizca vivía sola en una zona peligrosa, cerca de la carretera y del paso de perros sueltos.",http://vydanimal.org/
409,HAPPY,En adopción,SI,Gato,28-11-2014,Hembra,3 años y 7 meses,8/2014,Europeo Común,Pequeño,Madrid (Madrid), Negativa a inmuno y leucemia felina. Desparasitada. Se entrega con compromiso de esterilización entre los 6 y 8 meses de vida. , Happy es una de los gatos rescatados en el derrumbe del campo de futbol de Aluche.,http://vydanimal.org/
410,SMILLE,En adopción,SI,Perro,28-11-2014,Macho,3 años y 8 meses,7/2014,Cruce de teckel,Pequeño,Madrid (Madrid)," Desparasitado, vacunación al día, Chipado y cartilla veterinaria, Esterilizado. "," Smille fue abandonado con tan solo 4 mesecitos en una carretera muy peligrosa, en plena época de lluvia y poca luz.",http://vydanimal.org/
397,MIKEL,En adopción,SI,Gato,6-9-2014,Macho,3 años y 9 meses,6/2014,Europeo Común,Pequeño,Madrid (Madrid), Negativo a inmunodeficiencia y leucemia felina. Desparasitado. Con chip y cartilla veterinaria Compromiso de esterilización entre los 6 y 8 meses de vida. , MIKEL fue rescatado con sus 6 hermanitos que se habían quedado encerrados en un bar abandonado y no conseguían salir. ,http://vydanimal.org/
399,BLACKY,En adopción,SI,Gato,9-10-2014,Macho,4 años,3/2014,Común europeo,Mediano,Alcalá de Henares (Madrid), Test leucemia e inmunodeficiencia negativo. Desparasitado. Vacunado y con chip. Se entregará esterilizado. ," Blacky es un gatito simpatico y ronroneador que va a recibirte cuando llegas a casa, le gusta ver la tele contigo y jugar con sus peluches. Es un amor, es cariñoso, comilón, tiene ratos parlanchines, sobre todo le gusta estar contigo. Se lleva bien con gatos y con todo el mundo aunque no le conozcas.",http://vydanimal.org/
401,SAMY,En adopción,SI,Gato,12-10-2014,Hembra,3 años y 8 meses,7/2014,Europeo ,Pequeño,Madrid (Madrid), Negativa a inmuno y leucemia Vacunada Desparasitada Se entrega con contrato de adopción y compromiso de esterilzación entre los 6 y 8 meses de vida. , Este bomboncito es Samy. Una gatita muy buena y cariñosa.,http://vydanimal.org/
395,GINA,En adopción,SI,Gato,6-9-2014,Hembra,3 años y 9 meses,6/2014,Europeo Común,Pequeño,Madrid (Madrid), Negativos a inmunodeficiencia y leucemia felina Desparasitados Vacunación pentavalente Con chip y cartilla veterinaria Compromiso de esterilización entre los 6 y 8 meses de edad. , GINA Y LUCA fueron encontrados solitos y muy sucios dentro de una alcantarilla. Maullaban de miedo y desesperación. ,http://vydanimal.org/
396,LUCA,En adopción,SI,Gato,6-9-2014,Macho,3 años y 9 meses,6/2014,Europeo Común,Pequeño,Madrid (Madrid), Negativos a inmunodeficiencia y leucemia felina Desparasitados Vacunación pentavalente Con chip y cartilla veterinaria Compromiso de esterilización entre los 6 y 8 meses de edad. , LUCA y GINA fueron encontrados solitos y muy sucios dentro de una alcantarilla. Maullaban de miedo y desesperación. ,http://vydanimal.org/
324,SISI,En adopción,SI,Gato,28-10-2013,Hembra,6 años y 2 meses,1/2012,Común Europeo,Mediano,Madrid (Madrid), Negativa a inmuno y leucemia. Vacunada Desparasitada Chipada y con cartilla veterinaria. Esterilizada. Se entrega con contrato de adopcion , SISÍ es una gatita casera abandonada. ,http://vydanimal.org/
363,RUBIO,En adopción,SI,Gato,27-1-2014,Macho,6 años y 2 meses,1/2012,Común Europeo,Mediano,Madrid (Madrid), Negativo a inmuno y leucemia Vacunado Desparasitado Esterilizado Con chip y cartilla veterinaria. , Rubio fue encontrado con tres disparos de balas de perdigón en su cuerpo. ,http://vydanimal.org/
392,OTTO,En adopción,SI,Perro,10-7-2014,Macho,4 años y 7 meses,8/2013,Podenco,Mediano,Madrid (Madrid), Desparasitado Vacunado primera dosis antirrábica. Con chip y cartilla veterinaria. Esterilizado ," Otto es un perro joven de unos 10 meses de edad, que una de nuestras voluntarias consiguió rescatar de la perrera de Badajoz el día antes de su ejecución.",http://vydanimal.org/
367,GARA,En adopción,SI,Gato,17-2-2014,Hembra,5 años y 2 meses,2/2013,Común Europeo,Mediano,Madrid (Madrid), Negativa a inmuno y leucemia Desparasitada Vacunada Chip y cartilla veterinaria Esterilizada , Gara fue rescatada de un garaje cerrado.,http://vydanimal.org/
393,TIGGER,En adopción,SI,Gato,23-7-2014,Macho,3 años y 10 meses,5/2014,NA,Pequeño,Madrid (Madrid), Desparasitado. Negativo a inmuno y leucemia felina. Primera dosis vacuna tetravalente Chipado y con cartilla veterinaria Contrato de adopción y compromiso de esterilización entre los 6 y 8 meses de vida. ," Tiguer fue rescatado por unos excursionistas que lo encontraron en una zona de descanso. Con tan solo un mes de vida, se ha quedado huérfano y sin hermanitos, ya que ha sido el único de la camada,(según los trabajadores del “chiringuito” que hay ahí) que aún no había rescatado nadie. ",http://vydanimal.org/
376,PISCO,En adopción,SI,Gato,8-4-2014,Macho,6 años y 2 meses,2/2012,Azul ruso,Mediano,Madrid (Madrid), Negativo a inmuno y leucemia felina Vacunado Desparasitado Chip y cartilla veterinaria Esterilizado. ," Pisco iba todos los días, desde hace un año,a pedir comida a un bar de Vallecas. ",http://vydanimal.org/
378,BRUNO,En adopción,SI,Gato,6-5-2014,Macho,4 años y 1 mes,3/2014,Europeo Común,Pequeño,Madrid (Madrid), Negativo a inmuno y leucemia Desparasitado Vacunado Chip y cartilla veterinaria Se entrega con compromiso de esterilización entre los 6 y 8 meses de vida. , Bruno salió corriendo hacia la carretera y un coche no pudo esquivarlo. ,http://vydanimal.org/
354,LOUIS,En adopción,SI,Gato,6-1-2014,Hembra,4 años y 7 meses,8/2013,Común Europeo,Pequeño,Madrid (Madrid), Negativa a inmuno y leucemia vacunada y desparasitada Con chip y cartilla veterinaria. Esterilizada ," Louis(y su hermana Telma)fue encontrada muy malita, por una de nuestras voluntarias.",http://vydanimal.org/
379,AUREA,En adopción,SI,Gato,21-5-2014,Hembra,5 años y 10 meses,5/2012,Europeo Común,Mediano,Madrid (Madrid), Negativa a inmuno y leucemia. Desparasitada y vacunada. Con chip y cartilla veterinaria. Esterilizada. Se entrega con contrato de adopción o acogida. ," Unos chicos se encontraron a esta preciosa gatita dentro del portal de su casa. Fueron piso por piso buscando a su dueño, pusieron carteles y la tuvieron unos días en su casa. Nadie la reclamó. ",http://vydanimal.org/
298,MISY,En adopción,SI,Gato,10-6-2013,Hembra,5 años y 8 meses,8/2012,Común europeo,Mediano,Madrid (Madrid), Negativa a leucemia e inmunodeficiencia. Desparasitada. Vacunada de trivalente. Esterilizada , Misy es una gata rescatada de una colonia donde estaban apareciendo gatos muertos por la desnutrición.,http://vydanimal.org/
370,TERESA,En adopción,SI,Gato,8-3-2014,Hembra,5 años y 2 meses,2/2013,Común Europeo,Mediano,Madrid (Madrid), Negativa a inmuno y leucemia Desparasitada Vacuna tetravalente Esterilizada. Con chip y cartilla veterinaria. , Teresa fue encontrada vagando por un patio vecinal. Ahora vive en una casa de acogida temporal. ,http://vydanimal.org/
372,GLOSS,En adopción,SI,Gato,25-3-2014,Hembra,6 años,3/2012,Común Europeo,Mediano,Madrid (Madrid), Negativa a inmuno y leucemia Desparasitada Vacunada Chip y cartilla veterinaria Esterilizada ," Está graciosa gatita es Gloss. Bizquea, como casi todos los siameses, pero es algo que le hace aún más especial.",http://vydanimal.org/
375,KIGÜI,En adopción,SI,Gato,7-4-2014,Hembra,4 años y 2 meses,1/2014,Común Europeo,Pequeño,Madrid (Madrid), Negativa a inmuno y leucemia Desparasitada interna y externa Vacunada Con chip y cartilla veterinaria Se entrega con compromiso de esterilización entre los 6 y 8 meses de vida. , Kigüi y sus tres hermanitos nacieron en casa de la persona que cuidaba (y cuida) a su mami. Todos los demás ya han sido adoptados y ella espera en una casa de acogida donde la quieren mucho pero no pueden adoptarla. ,http://vydanimal.org/
365,FIGARO,En adopción,SI,Gato,12-2-2014,Macho,4 años y 1 mes,2/2014,NA,Mediano,Madrid (Madrid), Negativo a inmuno y leucemia. Se entrega esterilizado. Con chip y cartilla veterinaria. ," Figaro tiene una serie de alergias alimenticias por lo que debe comer un pienso especial y de momento, tener un tratamiento farmacológico para no hacerle recaer en vómitos y diarreas. Gracias a los consejos de su veterinario, el cuidado de coordinadoras de la asociación y su mami de acogida, ha mejorado mucho su estado de salud y anímico. ",http://vydanimal.org/
368,DANDI,En adopción,SI,Gato,21-2-2014,Macho,5 años y 3 meses,1/2013,Común Europeo,Mediano,Madrid (Madrid), Negativo a inmuno y leucemia Desparasitado Vacunado Con chip y cartilla veterinaria Esterilizado , Dandi apareció en su colonia con un tremendo golpe.,http://vydanimal.org/
353,THELMA,En adopción,SI,Gato,6-1-2014,Hembra,4 años y 7 meses,8/2013,Común Europeo,Pequeño,Madrid (Madrid), Se entrega con compromiso de esterilización entre los 6 y 8 meses de vida. ," THelma (y su hermana Lois) fue encontrada muy malita, por una de nuestras voluntarias.",http://vydanimal.org/
355,MAYA,En adopción,SI,Gato,6-1-2014,Hembra,4 años y 6 meses,10/2013,Común Europeo,Pequeño,Madrid (Madrid), Negativa a inmuno y leucemia Desparasitada Vacunada Con chip y cartilla veterinaria Compromiso de esterilización entre los 6 y 8 meses de vida. , Maya y Nala fueron abandonadas en la puerta de una cínica veterinaria. En su casa de acogida las han cuidado con mucho amor tanto sus papis humanos como sus compañeras gatas.,http://vydanimal.org/
356,SOFI,En adopción,SI,Gato,6-1-2014,Hembra,4 años y 10 meses,5/2013,Cruce de siamés,Mediano,Madrid (Madrid)," Negativa a inmuno y leucemia Desparasitada, vacunada Con chip y cartilla veterinaria Próxima a esterilización. ", Sofí se coló por la ventana de Julio que ventilaba y la tenia abierta. Fuera hacía frió.,http://vydanimal.org/
360,MISSINA,En adopción,SI,Gato,8-1-2014,Hembra,5 años y 3 meses,1/2013,Común Europeo,Mediano,Madrid (Madrid), Negativo a inmuno y leucemia Desparasitado Vacunado Chip y cartilla veterinaria Esterilizado. Se entrega con contrato de adopción En Madrid , Missina es una belleza abandonada en un jardín de Collado Villalba.,http://vydanimal.org/
361,EDDIE y MAIDEN,En adopción,SI,Gato,17-1-2014,Macho,4 años y 7 meses,9/2013,Común Europeo,Pequeño,Madrid (Madrid), Negativos a inmuno y leucemia. Desparasitados. Vacunados. Con chip y cartilla veterinaria. Se entregan con contrato de esterilización entre los 6 y 8 meses de vida. , Son dos hernanitos a los que no queremos separar ya que se apoyan mucho el uno en el otro. Han estado muy malitos y se han protegido mutuamente. ,http://vydanimal.org/
338,CORA,En adopción,SI,Gato,29-11-2013,Hembra,5 años y 11 meses,4/2012,Común Europeo,Mediano,Madrid (Madrid), Negativa a inmuno y Leucemia Desaprasitada Vacunada Esterilizada ," Cora es una mamá coraje. Con tan solo un año de edad, fue abandonada en la calle. Parió a sus 4 bebés este verano y con ayuda de los vecinos que la alimentaban todos están sanos. ",http://vydanimal.org/
337,ELA,En adopción,SI,Gato,29-11-2013,Hembra,4 años y 7 meses,9/2013,Común Europeo,Pequeño,Madrid (Madrid), Negativo a inmuno y leucemia Desparasitado Vacunado Se entrega con compromiso de esterilización entre los 6 y 8 meses de vida. ," Ela y su hermano Elo, fueron rescatados de un jardín donde temblaban de frió. Habrientos llevaban varios días solitos cuando nos avisaron. No encontramos a la mamá.",http://vydanimal.org/
348,TRASTO,En adopción,SI,Gato,30-12-2013,Macho,6 años,3/2012,Común Europeo,Mediano,Madrid (Madrid)," Negativo a inmuno y leucemia Desparasitado interna y externa. Esterilizado. Se entrega vacunado, con chip y cartilla veterinaria. ", Trasto fue abandonado en la calle un poco antes del verano de hace dos años. ,http://vydanimal.org/
350,TILCO,En adopción,SI,Gato,31-12-2013,Macho,4 años y 7 meses,8/2013,Común Europeo,Pequeño,Madrid (Madrid)," Negativo a inmuno y leucemia. Desparasitado. Se entrega vacunado, con chip y cartilla veterinaria. Compromiso de esterilización entre los 6 y 8 meses de vida. ", Tilco fue encontrado con varias heridas en su cara y mandíbula. ,http://vydanimal.org/
351,NOEL,En adopción,SI,Gato,2-1-2014,Macho,5 años y 3 meses,12/2012,Común Europeo,Pequeño,Madrid (Madrid), Es negativo a inmunodeficiencia y leucemia Vacunado y desparasitado. Chip y cartilla veterinaria. Compromiso de esterilización. ," Nöel, estaba en la calle, con un año ya sabe lo que es el frió, el miedo y el hambre. ",http://vydanimal.org/
279,ASLHAN,En adopción,SI,Gato,10-7-2013,Macho,5 años,3/2013,Común europeo,Pequeño,Madrid (Madrid), Test inmunodeficiencia Y leucemia negativo. Desparasitado. Con Chip. Se entregará vacunado Y esterilizado. ," Aslham fue abandonado tirándolo por la ventanilla de un coche en la puerta de una finca, y la propietaria lo recogió y nos dio el aviso.",http://vydanimal.org/
332,CIARA,En adopción,SI,Perro,10-11-2013,Hembra,5 años y 8 meses,7/2012,Podenca mezclada,Mediano,Móstoles (Madrid)," Sana, vacunada y desparasitada. ", Ciara es una podenca abandonada por cazadores.,http://vydanimal.org/
336,ELO,En adopción,SI,Gato,29-11-2013,Macho,4 años y 7 meses,9/2013,Común Europeo,Pequeño,Madrid (Madrid), Negativo a inmuno y leucemia Desparasitado Vacunado Se entrega con compromiso de esterilización entre los 6 y 8 meses de vida. ," Elo y su hermana Ela, fueron rescatados de un jardín donde temblaban de frió. Hambrientos, llevaban varios días solitos cuando nos avisaron. No encontramos a la mamá.",http://vydanimal.org/
328,MIU,En adopción,SI,Gato,31-8-2013,Hembra,8 años y 2 meses,1/2010,Azul ruso,Mediano,Madrid (Madrid), Negativa a leucemia e inmunodeficiencia. Vacunada. Desparasitada. Esterilizada. Con chip y cartilla veterinaria. , Miu es muy cariñosa y mimosa con las personas.,http://vydanimal.org/
340,HUMO,En adopción,SI,Gato,29-11-2013,Macho,4 años y 8 meses,8/2013,Común Europeo,Pequeño,Madrid (Madrid), Negativo a inmuno y leucemia Desparasitado Vacunado Con chip y cartilla veterinaria. Se entrega con compromiso de esterilización entre los 6 y 8 meses de vida. ," Humo fue recogido por una voluntaria junto con Cora,su mamá y sus tres hermanitos. ",http://vydanimal.org/
233,YAKO,En adopción,SI,Perro,2-11-2013,Macho,7 años y 4 meses,11/2010,Yorkshire,Pequeño,Madrid (Madrid), Negativo a leishmania y filaria. Vacunas al dia. Chipado y se entregara castrado. , Yako es un perro cuyos dueños ya no lo quieren tener.,http://vydanimal.org/
346,VYDA,En adopción,SI,Perro,6-11-2013,Hembra,5 años y 8 meses,7/2012,Cruce de labradora,Mediano,Boadilla del Monte (Madrid), Sana y desparasitada. Vacunación al día. Con chip y cartilla veterinaria. Esterilizada. , Vyda es una perra rescatada de un pueblo de Andalucía donde había sido maltratada y había recibido dos fuertes golpes en la cabeza de los que aún conserva la marca.,http://vydanimal.org/
326,MORA,En adopción,SI,Gato,10-11-2013,Hembra,5 años y 10 meses,5/2012,Común Europeo,Mediano,Madrid (Madrid), Negativa a inmuno y leucemia Vacunada y desparasitada Esterilizada Con chip y cartilla veterinaria Se entrega con contrato de adopción. , Mora fue encontrada y rescatada con su bebé.,http://vydanimal.org/
325,RED,En adopción,SI,Gato,10-11-2013,Macho,4 años y 9 meses,7/2013,Común Europeo,Pequeño,Madrid (Madrid), Negativo a inmuno y leucemia Desparasitado Vacunado Chip y cartilla veterinaria Se entrega con contrato de adopción y compromiso de esterilización entre los 6 y 8 meses de vida. , Red es un machito cariñoso y juguetón. ,http://vydanimal.org/
309,RASPITA,En adopción,SI,Gato,2-9-2013,Hembra,5 años,3/2013,Común Europeo,Mediano,Madrid (Madrid), Negativa a leucemia e inmunodeficiencia felina. Desparasitada y vacunada de trivalente. Esterilizada Con chip y cartilla veterinaria. , Raspita fue encontrada muy malita en la calle.,http://vydanimal.org/
320,VILMA,En adopción,SI,Perro,29-9-2013,Hembra,11 años y 8 meses,7/2006,Mestiza,Mediano,Madrid (Madrid)," Sana, vacunada y desparasitada. Tiene otitis crónica en un oído y una catarata en un ojo. "," Vilma es una perra extremadamenta cariñosa, es lo que se denomina ""perro faldero"".",http://vydanimal.org/
306,RAYITO,En adopción,SI,Gato,18-7-2013,Macho,4 años y 11 meses,5/2013,Común europeo,Mediano,Madrid (Madrid), Negativo a leucemia e inmunodeficiencia felina. Desparasitado y vacunado. Con chip y catilla veterinaria Esterilizado ," Rayito es un gato que encontramos cuando apenas tenía dos meses en unas condiciones muy malas, tenía muy mal los ojos y estaba bastane pocho en general.",http://vydanimal.org/
313,SID,En adopción,SI,Gato,23-7-2013,Macho,4 años y 9 meses,6/2013,Común Europeo,Mediano,Madrid (Madrid), Negativo a Inmuno y leucemia Vacunado Desparasitado. Se entrega con compromiso de esterilización entre los 6 y 8 meses de vida. , Sid es un gatín muy juguetón y cariñoso.,http://vydanimal.org/
304,THER,En adopción,SI,Gato,26-9-2013,Hembra,5 años,4/2013,Común Europeo,Mediano,Madrid (Madrid), Negativa a inmunodeficiencia felina y leucemia. Desparasitada Vacunada. Esterilizada. Con chip y cartilla veterinaria. Se entrega con contrato de adopción. , Ther nació en casa de una de nuestras coordinadoras. Su madre la cuidó y crió con mucho amor y atenciones. ,http://vydanimal.org/
330,LYS,En adopción,SI,Perro,16-10-2013,Hembra,4 años y 8 meses,8/2013,Cruce de pekinés,Mediano,Madrid (Madrid)," Sana, vacunada y desparasitada. Con chip y cartilla veterinaria. Se entrega con compromiso de esterilización después del primer celo. "," Lys es una perrita fruto de una camada indeseada en un pueblo de España, donde no hay conciencia para esterilizar ni para hacerse cargo de las consecuencias.",http://vydanimal.org/
299,MAFALDA,En adopción,SI,Gato,10-8-2013,Hembra,5 años,4/2013,Común europeo,Pequeño,Madrid (Madrid), Libre de leucemia e inmunodeficiencia. Desparasitada y vacunada de trivalente. Esterilizada. , Mafalda es una gatita rescatada de una colonia en muy mala situación.,http://vydanimal.org/
227,COCO,En adopción,SI,Gato,11-8-2013,Macho,6 años y 4 meses,12/2011,Común Europeo,Mediano,Madrid (Villaviciosa), Negativo a leucemia e inmunodeficiencia. Vacunado de trivalente. Desparasitado. Chipado. Pólipo en fosa nasal. En tratamiento y evolución. , Coco es un gato joven encontrado en la calle. ,http://vydanimal.org/
292,TAMY,En adopción,SI,Perro,22-8-2013,Hembra,6 años y 8 meses,7/2011,Galgo,Mediano,Madrid (Madrid),NA," Sut convivía con una de esas familias que utilizan a los perros para caza y peleas y que si ven que los animales no responden como quieren, los abandonan, maltratan (aún más) y/o cosas peores. ",http://vydanimal.org/
294,GEORGE,En adopción,SI,Gato,10-9-2013,Macho,4 años y 11 meses,5/2013,Común Europeo,Mediano,Madrid (Madrid)," Negativo a inmunodeficiencia felina y leucemia. Vacunado, desparasitado y con chip y cartilla veterinaria. Se entrega con compromiso de esterilización entre los 6 y 8 meses de vida. ", Su mami de acogida asegura con gran alegría que es muy cariñoso y dócil. ,http://vydanimal.org/
301,MARY,En adopción,SI,Gato,11-9-2013,Hembra,4 años y 9 meses,6/2013,Común Europeo,Pequeño,Madrid (Madrid), Test de inmuno y leucemia negativo. Desparasitada Vacunada Con chip y cartilla veterinaria Compromiso de esterilización. , Mary vivía junto a su mamá y su hermanito en una colonia que alimenta una de nuestras voluntarias. ,http://vydanimal.org/
288,COCO y NIT,En adopción,SI,Gato,5-8-2013,Hembra,4 años y 9 meses,6/2013,Común Europeo,Pequeño,Madrid (Madrid)," Negativo a inmuno y leucemia. Vacunadas, desparasitadas. Chip y cartilla veterinaria. Compromiso de esterilización entre los 6 y 8 meses de vida. ", La mamá de Coco y Nit se acercó a una de nuestras voluntarias que estaba paseando por el campo en ese momento. La llevó junto a sus crías de días y maulló pidiendo ayuda. ,http://vydanimal.org/
289,EBOLI,En adopción,SI,Gato,5-8-2013,Hembra,6 años y 1 mes,2/2012,Siamés,Mediano,Madrid (Madrid)," Negativa a leucemia e inmuno. Desparasitada, vacunada Con chip y cartilla veterinaria. Esterilizada. Se encuentra en Madrid. "," Eboli está llena de ternura, ronronea al ver a sus papis de acogida, busca su mano para que le acaricien y da besitos de los de GRACIAS POR QUERERME. ",http://vydanimal.org/
290,LEILA,En adopción,SI,Gato,6-8-2013,Hembra,5 años y 4 meses,12/2012,Común europeo,Mediano,Madrid (Madrid), Test leucemia-inmunodeficiencia negativo. Desparasitada. Esterilizada. Se entregará vacunada y con chip. ," Leila,gatita de 8 meses abandonada en una colonia callejera,bagaba pidiendo comida,los gatos de dicha colonia no la aceptaban y la pegaban,la recogimos deshidratada y muy delgadita.",http://vydanimal.org/
291,FILOS,En adopción,SI,Perro,10-8-2013,Macho,5 años,3/2013,NA,Mediano,Madrid (Madrid), Tiene la primera vacuna y está desparasitado. Se entrega con chip y contrato de adopción. , Este cachorrete fue rescatado de unas malas compañías que decían cuidarle. ,http://vydanimal.org/
284,TIKY,En adopción,SI,Gato,1-8-2013,Macho,4 años y 10 meses,6/2013,NA,Pequeño,Madrid (Madrid)," Desparasitado, vacunado y con chip y cartilla veterinaria. Negativo a leucemia e Inmuno. Se encuentra en Madrid. "," Tiky fue encontrado en la calle, solito y llorando.",http://vydanimal.org/
265,ABRIL,En adopción,SI,Gato,29-5-2013,Hembra,7 años,4/2011,Común Europeo,Mediano,Madrid (Madrid)," Negativa a inmuno y leucemia. Desparasitada, vacunada, esterilizada y con chip. ", Rescatamos a abril en pleno parto. yo misma corté el cordón umbilical. ,http://vydanimal.org/
266,KANIKO,En adopción,SI,Gato,29-5-2013,Macho,6 años y 1 mes,3/2012,Común Europeo,Mediano,Madrid (Madrid), Test inmunodeficiencia-Leucemia negativo. Desparasitado. Esterilizado. Con chip. Vacunado. , Kaniko fue abandonado en un poligono industrial muy transitado en Ciempozuelos con su collar y todo.,http://vydanimal.org/
269,VERDE,En adopción,SI,Gato,11-6-2013,Hembra,4 años y 11 meses,4/2013,Común europeo,Pequeño,Madrid (Madrid), Test inmunodeficiencia-leucemia negativo. Desparasitada. Vacunada. Chip y cartilla veterinaria. Se entrega con contrato y conprimiso de esterilización entre los 6 y 8 meses de vida. ," Verde es uno de los cachorros de Elora, que fue rescatada de la calle recién parida. ",http://vydanimal.org/
273,KORÍ,En adopción,SI,Gato,15-6-2013,Hembra,5 años,3/2013,Comun europeo,Mediano,Madrid (Madrid), Negativa a Inmunodeficiencia y leucemia. Desparasitada. Vacunada. Chip y caritlla. Esterilizada. ," Cuando era muy pequeñita, Korí (hija en Griego), se cayó dentro de un canalón de un tejado. Su mami gata no pudo sacarla y tuvo que marcharse a cuidar a sus otros hijitos. La encontramos al oír sus maullidos y la rescatamos, pero su mamá no volvió. Decidí llevarla a mi casa (después de que el veterinario me dijera que todo estaba bien) y se la presenté a Abril y sus hijitos nacidos hace dos días en mi casa. ",http://vydanimal.org/
274,DUNA,En adopción,SI,Gato,19-6-2013,Hembra,5 años,4/2013,Común Europeo,Mediano, ," Negativa a inmuno y leucemia. Desparasitada, vacunada, con chip y cartilla. Esterilizada. Se entrega con contrato de adopción. ", Duna nació en casa de una de nuestras coordinadoras. Su madre la cuidó y crió con mucho amor y atenciones. ,http://vydanimal.org/
221,COPITO,En adopción,SI,Gato,7-12-2012,Macho,10 años y 5 meses,11/2007,Comun europeo,Grande,Madrid (Madrid), Sano y castrado. ," Este peluche blanco es Copito, es un gato precioso grande, gordito y blanquisimo...la historía de Copito es muy triste, ha pasado de tenerlo todo a no tener nada...",http://vydanimal.org/
256,GORDO,En adopción,SI,Gato,3-4-2013,Macho,6 años y 2 meses,2/2012,Común europeo,Mediano,Arganda del Rey (Madrid), Negativo a Inmumodeficiencia. Positivo a Leucemia. Desparasitado. Vacunado de trivalente. Con chip y esterilizado. Tiene una pequeña cojera de la pata izquierda trasera. , La historia de Gordo es la de todo un verdadero superviviente. ,http://vydanimal.org/
261,NARANJITO,En adopción,SI,Gato,4-5-2013,Macho,5 años y 1 mes,3/2013,Común Europeo,Pequeño,Madrid (Madrid), Test inmunodeficiencia-leucemia negativo. Desparasitado. Vacunado de trivalente. Con chip. Se entrega con contrato de adopción y compromiso de esterilización. ," Naranjito es un cachorro de tres meses muy juguetón y cariñoso. Se lleva genial con gatos, perros y niños. ",http://vydanimal.org/
197,BOBY,En adopción,SI,Gato,19-10-2012,Macho,5 años y 7 meses,8/2012,Comun europeo,Pequeño,Collado Villalba (Madrid), Negativo a leucemia e inmunodeficiencia. Desparasitado. , Boby es un gatito rescatado de la calle con un gran constipado.,http://vydanimal.org/
224,SIMBA,En adopción,SI,Gato,14-11-2012,Macho,5 años y 6 meses,10/2012,Comun europeo,Pequeño,Madrid (Madrid), Negativo a leucemia e inmunodeficiencia. Chipado. Vacunado. , Simba fue encontrado junto a su hermano Jambo en la calle. Tenian mucho miedo pero poco a poco van sabiendo lo que es el contacto con el humano y un hogar calentito.,http://vydanimal.org/
59,PEPITO,En adopción,SI,Perro,5-7-2011,Macho,11 años y 9 meses,7/2006,Teckel de pelo duro,Mediano,Madrid (Madrid), Negativo a leishmania. Desparasitado y Vacunado de rabia. Chip y Cartilla veterinaria. Esterilizado. , Pempem ha sido sacado del CPA para buscarle un nuevo hogar.,http://vydanimal.org/
105,MARC,En adopción,SI,Gato,7-8-2011,Macho,6 años y 8 meses,8/2011,Común europeo,Pequeño,Madrid (Madrid), Negativo a leucemia e inmunodeficiencia. Vacunado de trivalente. Desparasitado. ," Marc y sus cuatro hermanos son los bebes de nuestra Nefer, la cual fue abandonada y se quedo preñada en la calle. ",http://vydanimal.org/
143,LILI,En adopción,SI,Gato,26-2-2012,Hembra,7 años y 4 meses,12/2010,Cruce de siamés,Pequeño,Madrid (Madrid), Negativa a leucemia e inmunodeficiencia. Vacunada de trivalente. Desparasitada. Esterilizada. , Lili es una gatita cuyos dueños se han tenido que volver a su país. El viaje era muy largo y con varias escalas y era exponer a la gata a un gran estréss.,http://vydanimal.org/
201,DAMI,En adopción,SI,Gato,7-10-2012,Macho,5 años y 7 meses,9/2012,Comun europeo,Pequeño,Guadalajara y Madrid , Negativo a leucemia e inmunodeficiencia. Desparasitado. , Dami ha viajado desde Santander al centro de España para buscar familia.,http://vydanimal.org/
